Rouge,F,Precision,Recall
rouge1,0.2149512870988115,0.20125548066466875,0.21496447333320723
rouge2,0.013456775477505787,0.01415157104958678,0.01308590120581395
rougeL,0.12853666832282545,0.12340137096972652,0.12154444723118081
