Rouge,F,Precision,Recall
rouge1,0.3897448211795519,0.4716092121788489,0.39263880678730695
rouge2,0.10397652694357488,0.11864311283281262,0.1046918461813283
rougeL,0.2271914880287563,0.2669383952137666,0.24298398425843698
