{
    "rouge1": {
        "f": 0.2149512870988115,
        "p": 0.20125548066466875,
        "r": 0.21496447333320723
    },
    "rouge2": {
        "f": 0.013456775477505787,
        "p": 0.01415157104958678,
        "r": 0.01308590120581395
    },
    "rougeL": {
        "f": 0.12853666832282545,
        "p": 0.12340137096972652,
        "r": 0.12154444723118081
    }
}
