{
    "rouge1": {
        "f": 0.05482434316459477,
        "p": 0.0856394135977804,
        "r": 0.05614263290138595
    },
    "rouge2": {
        "f": 0.029049066520167765,
        "p": 0.033967398898589865,
        "r": 0.029177759405789462
    },
    "rougeL": {
        "f": 0.030935892609481295,
        "p": 0.04539618751545099,
        "r": 0.03834466092842698
    }
}
