Rouge,F,Precision,Recall
rouge1,0.05482434316459477,0.0856394135977804,0.05614263290138595
rouge2,0.029049066520167765,0.033967398898589865,0.029177759405789462
rougeL,0.030935892609481295,0.04539618751545099,0.03834466092842698
