{
    "rouge1": {
        "f": 0.3897448211795519,
        "p": 0.4716092121788489,
        "r": 0.39263880678730695
    },
    "rouge2": {
        "f": 0.10397652694357488,
        "p": 0.11864311283281262,
        "r": 0.1046918461813283
    },
    "rougeL": {
        "f": 0.2271914880287563,
        "p": 0.2669383952137666,
        "r": 0.24298398425843698
    }
}
