Rouge,F,Precision,Recall
rouge1,0.3072135019348017,0.3419249243334417,0.2960390658454658
rouge2,0.05350469182780336,0.05959697260539907,0.051620707267175193
rougeL,0.17733008796494568,0.19651673491788132,0.17239326003747676
