{
    "rouge1": {
        "f": 0.3072135019348017,
        "p": 0.3419249243334417,
        "r": 0.2960390658454658
    },
    "rouge2": {
        "f": 0.05350469182780336,
        "p": 0.05959697260539907,
        "r": 0.051620707267175193
    },
    "rougeL": {
        "f": 0.17733008796494568,
        "p": 0.19651673491788132,
        "r": 0.17239326003747676
    }
}
