{
    "rouge1": {
        "f": 0.15899587844221277,
        "p": 0.10752808114705008,
        "r": 0.35377310790839916
    },
    "rouge2": {
        "f": 0.02396620022788529,
        "p": 0.01623605013611344,
        "r": 0.05363449759965629
    },
    "rougeL": {
        "f": 0.1169030416396998,
        "p": 0.07867398221289372,
        "r": 0.26493302300627564
    }
}
