Rouge,F,Precision,Recall
rouge1,0.15899587844221277,0.10752808114705008,0.35377310790839916
rouge2,0.02396620022788529,0.01623605013611344,0.05363449759965629
rougeL,0.1169030416396998,0.07867398221289372,0.26493302300627564
