{
    "adv_gen_loss": 0,
    "autoenc_loss": 330.6241752172224,
    "clf_acc": 0,
    "clf_avg_diff": 0,
    "clf_loss": 0,
    "cycle_loss": -0.8332694472620144,
    "grad_pen_loss": 0,
    "nll": 1.1583046053832151,
    "total_loss": 329.79090559563645,
    "wass_loss": 0
}
