Rouge,F,Precision,Recall
rouge1,0.2338319804533871,0.30458014200268796,0.20885917993628197
rouge2,0.017933516439948085,0.02410145422107891,0.015547374860643816
rougeL,0.12388989664724112,0.16048362517174927,0.11191191761066688
