{
    "rouge1": {
        "f": 0.2338319804533871,
        "p": 0.30458014200268796,
        "r": 0.20885917993628197
    },
    "rouge2": {
        "f": 0.017933516439948085,
        "p": 0.02410145422107891,
        "r": 0.015547374860643816
    },
    "rougeL": {
        "f": 0.12388989664724112,
        "p": 0.16048362517174927,
        "r": 0.11191191761066688
    }
}
