{
    "acc": 0.6572574762990228,
    "per_rating_acc": {
        "2": 0.0,
        "3": 0.23478260869565218,
        "4": 0.7962446824116222,
        "5": 0.2544570502431113
    },
    "true_rating_dist": {
        "2": 0.001203632782580151,
        "3": 0.05033373454426086,
        "4": 0.7459240617135354,
        "5": 0.2025385709596236
    }
}
