{
    "adv_gen_loss": 0,
    "autoenc_loss": 3.2190405840425074,
    "clf_acc": 0.6633114515039552,
    "clf_avg_diff": 0.15083880378850434,
    "clf_loss": 0.867922662025729,
    "cycle_loss": -0.8421390024003609,
    "grad_pen_loss": 0,
    "nll": 1.3034330587679208,
    "total_loss": 3.244824242539687,
    "wass_loss": 0
}
