Rouge,F,Precision,Recall
rouge1,0.3529994195757397,0.37463168216055176,0.41398445389041033
rouge2,0.08459504207339642,0.08501534884747425,0.09876762264432036
rougeL,0.19478860004285614,0.2009176198094178,0.24444297685350475
