Rouge,F,Precision,Recall
rouge1,0.20148562980860815,0.17020440773706869,0.22905965981695592
rouge2,0.011205649390276079,0.010675119981338941,0.012191647013943461
rougeL,0.11250725153822001,0.0972738498684642,0.1208708801956542
