Rouge,F,Precision,Recall
rouge1,0.047472873244736244,0.06458358425133842,0.05846085937088682
rouge2,0.0235836582586481,0.024162685607623094,0.027583253003805805
rougeL,0.02581329554676221,0.03279266805513751,0.039049366305712034
