{
    "rouge1": {
        "f": 0.28320280003682335,
        "p": 0.2780080800586585,
        "r": 0.31255965145190395
    },
    "rouge2": {
        "f": 0.04398413993457335,
        "p": 0.04336575188250928,
        "r": 0.04849787185517304
    },
    "rougeL": {
        "f": 0.1538424872997647,
        "p": 0.15036768566712366,
        "r": 0.17167511405287428
    }
}
