{
    "rouge1": {
        "f": 0.20148562980860815,
        "p": 0.17020440773706869,
        "r": 0.22905965981695592
    },
    "rouge2": {
        "f": 0.011205649390276079,
        "p": 0.010675119981338941,
        "r": 0.012191647013943461
    },
    "rougeL": {
        "f": 0.11250725153822001,
        "p": 0.0972738498684642,
        "r": 0.1208708801956542
    }
}
