Rouge,F,Precision,Recall
rouge1,0.28320280003682335,0.2780080800586585,0.31255965145190395
rouge2,0.04398413993457335,0.04336575188250928,0.04849787185517304
rougeL,0.1538424872997647,0.15036768566712366,0.17167511405287428
