{
    "rouge1": {
        "f": 0.3529994195757397,
        "p": 0.37463168216055176,
        "r": 0.41398445389041033
    },
    "rouge2": {
        "f": 0.08459504207339642,
        "p": 0.08501534884747425,
        "r": 0.09876762264432036
    },
    "rougeL": {
        "f": 0.19478860004285614,
        "p": 0.2009176198094178,
        "r": 0.24444297685350475
    }
}
