{
    "rouge1": {
        "f": 0.047472873244736244,
        "p": 0.06458358425133842,
        "r": 0.05846085937088682
    },
    "rouge2": {
        "f": 0.0235836582586481,
        "p": 0.024162685607623094,
        "r": 0.027583253003805805
    },
    "rougeL": {
        "f": 0.02581329554676221,
        "p": 0.03279266805513751,
        "r": 0.039049366305712034
    }
}
