Rouge,F,Precision,Recall
rouge1,0.3274366946811279,0.49512810975474003,0.343293457195898
rouge2,0.08019898200808163,0.12032806649896495,0.08092322902532718
rougeL,0.19740956884211858,0.30772953623971183,0.2164883203423908
