Rouge,F,Precision,Recall
rouge1,0.050032161496964545,0.10371108433882711,0.058024472475591185
rouge2,0.02353746404891837,0.03810740064439158,0.023433650762239168
rougeL,0.03069134551908409,0.06338230432800539,0.040948874553993146
