Rouge,F,Precision,Recall
rouge1,0.24990512242172477,0.3409620159996242,0.23942976979664363
rouge2,0.03858402694074722,0.051941996049394354,0.037062691343528596
rougeL,0.14593633800507486,0.21050437169168107,0.1396218083170696
