{
    "rouge1": {
        "f": 0.3274366946811279,
        "p": 0.49512810975474003,
        "r": 0.343293457195898
    },
    "rouge2": {
        "f": 0.08019898200808163,
        "p": 0.12032806649896495,
        "r": 0.08092322902532718
    },
    "rougeL": {
        "f": 0.19740956884211858,
        "p": 0.30772953623971183,
        "r": 0.2164883203423908
    }
}
