{
    "rouge1": {
        "f": 0.24990512242172477,
        "p": 0.3409620159996242,
        "r": 0.23942976979664363
    },
    "rouge2": {
        "f": 0.03858402694074722,
        "p": 0.051941996049394354,
        "r": 0.037062691343528596
    },
    "rougeL": {
        "f": 0.14593633800507486,
        "p": 0.21050437169168107,
        "r": 0.1396218083170696
    }
}
