Rouge,F,Precision,Recall
rouge1,0.16845636407934808,0.17692884300399322,0.16182580242165412
rouge2,0.007847665448762982,0.00807269236082461,0.007817580098589004
rougeL,0.0998281063066395,0.11355880174125371,0.0886063852006915
