{
    "rouge1": {
        "f": 0.050032161496964545,
        "p": 0.10371108433882711,
        "r": 0.058024472475591185
    },
    "rouge2": {
        "f": 0.02353746404891837,
        "p": 0.03810740064439158,
        "r": 0.023433650762239168
    },
    "rougeL": {
        "f": 0.03069134551908409,
        "p": 0.06338230432800539,
        "r": 0.040948874553993146
    }
}
