{
    "rouge1": {
        "f": 0.16845636407934808,
        "p": 0.17692884300399322,
        "r": 0.16182580242165412
    },
    "rouge2": {
        "f": 0.007847665448762982,
        "p": 0.00807269236082461,
        "r": 0.007817580098589004
    },
    "rougeL": {
        "f": 0.0998281063066395,
        "p": 0.11355880174125371,
        "r": 0.0886063852006915
    }
}
