{
    "adv_gen_loss": 0,
    "autoenc_loss": 3.25572422620686,
    "clf_acc": 0,
    "clf_avg_diff": 0,
    "clf_loss": 0,
    "cycle_loss": -0.84027423001431,
    "grad_pen_loss": 0,
    "nll": 1.4197799163235374,
    "total_loss": 2.4154499988252565,
    "wass_loss": 0
}
