{
    "rouge1": {
        "f": 0.2322819405387471,
        "p": 0.33297548578171465,
        "r": 0.20032737162696834
    },
    "rouge2": {
        "f": 0.01916300051584095,
        "p": 0.028288638855718546,
        "r": 0.01631551865010762
    },
    "rougeL": {
        "f": 0.1268853681997591,
        "p": 0.18164638715312936,
        "r": 0.1110185442154117
    }
}
