Rouge,F,Precision,Recall
rouge1,0.2322819405387471,0.33297548578171465,0.20032737162696834
rouge2,0.01916300051584095,0.028288638855718546,0.01631551865010762
rougeL,0.1268853681997591,0.18164638715312936,0.1110185442154117
