{
    "acc": 0.0,
    "per_rating_acc": {},
    "true_rating_dist": {
        "2": 0.00047938638542665386,
        "3": 0.05169383189517418,
        "4": 0.7690955576861617,
        "5": 0.17873122403323746
    }
}
