{
    "rouge1": {
        "f": 0.3147397277764904,
        "p": 0.3384356364459001,
        "r": 0.31638063875528805
    },
    "rouge2": {
        "f": 0.06391537263627789,
        "p": 0.06864440232120451,
        "r": 0.06454776818904788
    },
    "rougeL": {
        "f": 0.19098885040456748,
        "p": 0.20465232852263712,
        "r": 0.19390372159992836
    }
}
