Rouge,F,Precision,Recall
rouge1,0.06067049616365489,0.08806298658442312,0.06240425655001087
rouge2,0.03363150803841859,0.03771987044493161,0.035719232073456945
rougeL,0.03534965826767096,0.047973150233161725,0.045063723298173534
