{
    "rouge1": {
        "f": 0.2130068880464674,
        "p": 0.19647361517816556,
        "r": 0.2258743923187437
    },
    "rouge2": {
        "f": 0.017471981148323087,
        "p": 0.017781959378042826,
        "r": 0.017641074833389368
    },
    "rougeL": {
        "f": 0.1347278062805256,
        "p": 0.12732040423885052,
        "r": 0.1340910384100717
    }
}
