Rouge,F,Precision,Recall
rouge1,0.2130068880464674,0.19647361517816556,0.2258743923187437
rouge2,0.017471981148323087,0.017781959378042826,0.017641074833389368
rougeL,0.1347278062805256,0.12732040423885052,0.1340910384100717
