Rouge,F,Precision,Recall
rouge1,0.3147397277764904,0.3384356364459001,0.31638063875528805
rouge2,0.06391537263627789,0.06864440232120451,0.06454776818904788
rougeL,0.19098885040456748,0.20465232852263712,0.19390372159992836
