Rouge,F,Precision,Recall
rouge1,0.11873289092400822,0.07188708105163368,0.3833948176916224
rouge2,0.008053273279007211,0.004828065464541703,0.027344433933367895
rougeL,0.0824795394003408,0.04985211751822177,0.2694192383400329
