{
    "rouge1": {
        "f": 0.11873289092400822,
        "p": 0.07188708105163368,
        "r": 0.3833948176916224
    },
    "rouge2": {
        "f": 0.008053273279007211,
        "p": 0.004828065464541703,
        "r": 0.027344433933367895
    },
    "rougeL": {
        "f": 0.0824795394003408,
        "p": 0.04985211751822177,
        "r": 0.2694192383400329
    }
}
