Rouge,F,Precision,Recall
rouge1,0.17594732765687013,0.16326275692738101,0.1819482734311763
rouge2,0.009129317348141078,0.009235801630754924,0.009192764424368812
rougeL,0.10308246253327476,0.0994892649188619,0.09993147666797694
