{
    "rouge1": {
        "f": 0.32522301710554424,
        "p": 0.39083145911865275,
        "r": 0.3412923837256291
    },
    "rouge2": {
        "f": 0.07641342352183537,
        "p": 0.08636693709695588,
        "r": 0.07978124965269223
    },
    "rougeL": {
        "f": 0.18893633992600906,
        "p": 0.22336597072457912,
        "r": 0.21019993067545167
    }
}
