{
    "rouge1": {
        "f": 0.0468807428310334,
        "p": 0.07217435560238214,
        "r": 0.0502300146841423
    },
    "rouge2": {
        "f": 0.02183217133954289,
        "p": 0.025486521252964228,
        "r": 0.022661429491865302
    },
    "rougeL": {
        "f": 0.026952602271124084,
        "p": 0.03941358273819309,
        "r": 0.03472823766674701
    }
}
