{
    "rouge1": {
        "f": 0.17594732765687013,
        "p": 0.16326275692738101,
        "r": 0.1819482734311763
    },
    "rouge2": {
        "f": 0.009129317348141078,
        "p": 0.009235801630754924,
        "r": 0.009192764424368812
    },
    "rougeL": {
        "f": 0.10308246253327476,
        "p": 0.0994892649188619,
        "r": 0.09993147666797694
    }
}
