Rouge,F,Precision,Recall
rouge1,0.25501902497807316,0.2807851756118029,0.253819610825493
rouge2,0.03849667103284804,0.04198205983062312,0.038516633829226675
rougeL,0.1457228350102599,0.1619530657534017,0.14556578731275416
