{
    "rouge1": {
        "f": 0.25501902497807316,
        "p": 0.2807851756118029,
        "r": 0.253819610825493
    },
    "rouge2": {
        "f": 0.03849667103284804,
        "p": 0.04198205983062312,
        "r": 0.038516633829226675
    },
    "rougeL": {
        "f": 0.1457228350102599,
        "p": 0.1619530657534017,
        "r": 0.14556578731275416
    }
}
