Rouge,F,Precision,Recall
rouge1,0.32522301710554424,0.39083145911865275,0.3412923837256291
rouge2,0.07641342352183537,0.08636693709695588,0.07978124965269223
rougeL,0.18893633992600906,0.22336597072457912,0.21019993067545167
