Rouge,F,Precision,Recall
rouge1,0.0468807428310334,0.07217435560238214,0.0502300146841423
rouge2,0.02183217133954289,0.025486521252964228,0.022661429491865302
rougeL,0.026952602271124084,0.03941358273819309,0.03472823766674701
