{
    "adv_gen_loss": 0,
    "autoenc_loss": 3.1992969362859256,
    "clf_acc": 0,
    "clf_avg_diff": 0,
    "clf_loss": 0,
    "cycle_loss": -0.8742551196143927,
    "grad_pen_loss": 0,
    "nll": 1.5529295897103879,
    "total_loss": 2.3250418132519806,
    "wass_loss": 0
}
