Rouge,F,Precision,Recall
rouge1,0.2145991289232525,0.1984682598232939,0.2006625330572438
rouge2,0.01251193158852723,0.01341158125267289,0.011872253317171825
rougeL,0.12510663295611024,0.12055246458643104,0.1100293910185103
