Rouge,F,Precision,Recall
rouge1,0.3118368250414743,0.3721206761645348,0.2971559468550332
rouge2,0.05566806167367768,0.06700149729119982,0.05288932309692283
rougeL,0.1800504551009043,0.21382789254142734,0.17335276688802762
