{
    "rouge1": {
        "f": 0.40229574728631096,
        "p": 0.5330844325582147,
        "r": 0.4265942167013587
    },
    "rouge2": {
        "f": 0.11153635388237558,
        "p": 0.13867717469422597,
        "r": 0.11446939867504083
    },
    "rougeL": {
        "f": 0.24119823285547895,
        "p": 0.30766371773517875,
        "r": 0.2701557671705716
    }
}
