{
    "rouge1": {
        "f": 0.05901786922092835,
        "p": 0.1082034910920922,
        "r": 0.07222414057491236
    },
    "rouge2": {
        "f": 0.031813526799309925,
        "p": 0.04084347253821091,
        "r": 0.032649371019658556
    },
    "rougeL": {
        "f": 0.03650993020754956,
        "p": 0.059953501260560205,
        "r": 0.05124876792649203
    }
}
