{
    "rouge1": {
        "f": 0.3118368250414743,
        "p": 0.3721206761645348,
        "r": 0.2971559468550332
    },
    "rouge2": {
        "f": 0.05566806167367768,
        "p": 0.06700149729119982,
        "r": 0.05288932309692283
    },
    "rougeL": {
        "f": 0.1800504551009043,
        "p": 0.21382789254142734,
        "r": 0.17335276688802762
    }
}
