Rouge,F,Precision,Recall
rouge1,0.05901786922092835,0.1082034910920922,0.07222414057491236
rouge2,0.031813526799309925,0.04084347253821091,0.032649371019658556
rougeL,0.03650993020754956,0.059953501260560205,0.05124876792649203
