Rouge,F,Precision,Recall
rouge1,0.40229574728631096,0.5330844325582147,0.4265942167013587
rouge2,0.11153635388237558,0.13867717469422597,0.11446939867504083
rougeL,0.24119823285547895,0.30766371773517875,0.2701557671705716
