{
    "rouge1": {
        "f": 0.2145991289232525,
        "p": 0.1984682598232939,
        "r": 0.2006625330572438
    },
    "rouge2": {
        "f": 0.01251193158852723,
        "p": 0.01341158125267289,
        "r": 0.011872253317171825
    },
    "rougeL": {
        "f": 0.12510663295611024,
        "p": 0.12055246458643104,
        "r": 0.1100293910185103
    }
}
