{
    "acc": 0.0,
    "per_rating_acc": {},
    "true_rating_dist": {
        "2": 0.0017665007226593866,
        "3": 0.061934585942936674,
        "4": 0.7668219046089609,
        "5": 0.16947700872544297
    }
}
