{
    "acc": 0.0,
    "per_rating_acc": {
    	"5": 0.7244751830756708, 
    	"3": 0.4855534561486374, 
    	"4": 0.6517626827171124,
    	"2": 0.29932546374367686, 
    	"1": 0.17555705604321392
    }
,
    "true_rating_dist": {
        "2": 0.0017665007226593866,
        "3": 0.061934585942936674,
        "4": 0.7668219046089609,
        "5": 0.16947700872544297
    }
}



