{
    "rouge1": {
        "f": 0.1829626645541648,
        "p": 0.1873919872115215,
        "r": 0.20881079664985028
    },
    "rouge2": {
        "f": 0.013863752253718657,
        "p": 0.014426014306750981,
        "r": 0.015869312811478235
    },
    "rougeL": {
        "f": 0.13037439504848744,
        "p": 0.13196559316133338,
        "r": 0.15087139582183084
    }
}
