Rouge,F,Precision,Recall
rouge1,0.1829626645541648,0.1873919872115215,0.20881079664985028
rouge2,0.013863752253718657,0.014426014306750981,0.015869312811478235
rougeL,0.13037439504848744,0.13196559316133338,0.15087139582183084
