{
    "adv_gen_loss": 0,
    "autoenc_loss": 355.640820208547,
    "clf_acc": 0.7469586374695859,
    "clf_avg_diff": 0.09002433090024341,
    "clf_loss": 0.665003805554987,
    "cycle_loss": -0.7951009760807911,
    "grad_pen_loss": 0,
    "nll": 1.0055261581580235,
    "total_loss": 355.5107229686038,
    "wass_loss": 0
}
