Rouge,F,Precision,Recall
rouge1,0.17572401073661284,0.16286101694997696,0.181897499909256
rouge2,0.00912581450535994,0.009202840248213285,0.009198575389546569
rougeL,0.10276609770778075,0.09914371423410627,0.09982521799660907
