Rouge,F,Precision,Recall
rouge1,0.3250605186657189,0.39037873071944346,0.3409762283460525
rouge2,0.0762102873270986,0.08609037102552375,0.07955421654615777
rougeL,0.1889243038845172,0.2231971446491826,0.2100918590078581
