{
    "rouge1": {
        "f": 0.17572401073661284,
        "p": 0.16286101694997696,
        "r": 0.181897499909256
    },
    "rouge2": {
        "f": 0.00912581450535994,
        "p": 0.009202840248213285,
        "r": 0.009198575389546569
    },
    "rougeL": {
        "f": 0.10276609770778075,
        "p": 0.09914371423410627,
        "r": 0.09982521799660907
    }
}
