{
    "rouge1": {
        "f": 0.2546746293466871,
        "p": 0.28025249552498466,
        "r": 0.2536707289428451
    },
    "rouge2": {
        "f": 0.03840892981212759,
        "p": 0.04185563526429427,
        "r": 0.03844717822227897
    },
    "rougeL": {
        "f": 0.1455476304415919,
        "p": 0.1617044958160981,
        "r": 0.14547956421685046
    }
}
