Rouge,F,Precision,Recall
rouge1,0.04690456190043866,0.07212790342937798,0.050204156433771935
rouge2,0.02177952990904739,0.02543342002969712,0.022587651632697867
rougeL,0.027043067766251826,0.03945197008719011,0.03475880798605216
