Rouge,F,Precision,Recall
rouge1,0.2546746293466871,0.28025249552498466,0.2536707289428451
rouge2,0.03840892981212759,0.04185563526429427,0.03844717822227897
rougeL,0.1455476304415919,0.1617044958160981,0.14547956421685046
