{
    "rouge1": {
        "f": 0.3250605186657189,
        "p": 0.39037873071944346,
        "r": 0.3409762283460525
    },
    "rouge2": {
        "f": 0.0762102873270986,
        "p": 0.08609037102552375,
        "r": 0.07955421654615777
    },
    "rougeL": {
        "f": 0.1889243038845172,
        "p": 0.2231971446491826,
        "r": 0.2100918590078581
    }
}
