{
    "rouge1": {
        "f": 0.04690456190043866,
        "p": 0.07212790342937798,
        "r": 0.050204156433771935
    },
    "rouge2": {
        "f": 0.02177952990904739,
        "p": 0.02543342002969712,
        "r": 0.022587651632697867
    },
    "rougeL": {
        "f": 0.027043067766251826,
        "p": 0.03945197008719011,
        "r": 0.03475880798605216
    }
}
