{
    "adv_gen_loss": 0,
    "autoenc_loss": 3.198555884418261,
    "clf_acc": 0,
    "clf_avg_diff": 0,
    "clf_loss": 0,
    "cycle_loss": -0.8787512564564143,
    "grad_pen_loss": 0,
    "nll": 1.5526356416869487,
    "total_loss": 2.3198046329961852,
    "wass_loss": 0
}
