{
    "rouge1": {
        "f": 0.20989193356423408,
        "p": 0.7741409632034633,
        "r": 0.13183647075515148
    },
    "rouge2": {
        "f": 0.06484849859157099,
        "p": 0.3465457755608683,
        "r": 0.03816633299020815
    },
    "rougeL": {
        "f": 0.161929990428666,
        "p": 0.6625969516594515,
        "r": 0.10042589848503067
    }
}
