Rouge,F,Precision,Recall
rouge1,0.07393990577014284,0.26623376623376627,0.04736307454433638
rouge2,0.0,0.0,0.0
rougeL,0.05245570582683164,0.21687409812409814,0.03248777595637553
