Rouge,F,Precision,Recall
rouge1,0.13099579036536627,0.547632857593795,0.08203485135060587
rouge2,0.019285312880630387,0.09383915998539645,0.011759269023602623
rougeL,0.09656934442823646,0.427513133567821,0.059697242310954114
