{
    "rouge1": {
        "f": 0.07393990577014284,
        "p": 0.26623376623376627,
        "r": 0.04736307454433638
    },
    "rouge2": {
        "f": 0.0,
        "p": 0.0,
        "r": 0.0
    },
    "rougeL": {
        "f": 0.05245570582683164,
        "p": 0.21687409812409814,
        "r": 0.03248777595637553
    }
}
