{
    "rouge1": {
        "f": 0.13099579036536627,
        "p": 0.547632857593795,
        "r": 0.08203485135060587
    },
    "rouge2": {
        "f": 0.019285312880630387,
        "p": 0.09383915998539645,
        "r": 0.011759269023602623
    },
    "rougeL": {
        "f": 0.09656934442823646,
        "p": 0.427513133567821,
        "r": 0.059697242310954114
    }
}
