Rouge,F,Precision,Recall
rouge1,0.041928919359051936,0.16718559441516717,0.027360486980218833
rouge2,0.02160810653287228,0.12212046425562763,0.012730506119965686
rougeL,0.03301385598295851,0.14950247797766458,0.021062523971849028
