{
    "rouge1": {
        "f": 0.041928919359051936,
        "p": 0.16718559441516717,
        "r": 0.027360486980218833
    },
    "rouge2": {
        "f": 0.02160810653287228,
        "p": 0.12212046425562763,
        "r": 0.012730506119965686
    },
    "rougeL": {
        "f": 0.03301385598295851,
        "p": 0.14950247797766458,
        "r": 0.021062523971849028
    }
}
