Rouge,F,Precision,Recall
rouge1,0.20989193356423408,0.7741409632034633,0.13183647075515148
rouge2,0.06484849859157099,0.3465457755608683,0.03816633299020815
rougeL,0.161929990428666,0.6625969516594515,0.10042589848503067
