{
    "acc": 0.5468750000000003,
    "per_rating_acc": {
        "3": 0.0,
        "4": 0.6288659793814427,
        "5": 0.34615384615384615
    },
    "true_rating_dist": {
        "3": 0.0390625,
        "4": 0.7578125,
        "5": 0.203125
    }
}
