{
    "adv_gen_loss": 0,
    "autoenc_loss": 27.385155081748955,
    "clf_acc": 0.36718750000000006,
    "clf_avg_diff": 0.10156249999999999,
    "clf_loss": 1.4175449870526788,
    "cycle_loss": -0.8862814214080573,
    "grad_pen_loss": 0,
    "nll": 0.9186481162905692,
    "total_loss": 27.916418433189392,
    "wass_loss": 0
}
