{
    "rouge1": {
        "f": 0.06550768270699568,
        "p": 0.09827831605397931,
        "r": 0.07181582914564483
    },
    "rouge2": {
        "f": 0.047716588803040985,
        "p": 0.0765993602519957,
        "r": 0.05166056419897022
    },
    "rougeL": {
        "f": 0.05099209303093042,
        "p": 0.07672681255118162,
        "r": 0.06195178540296745
    }
}
