{
    "rouge1": {
        "f": 0.3888216130624335,
        "p": 0.566684015064591,
        "r": 0.41556849600275875
    },
    "rouge2": {
        "f": 0.1721995537194571,
        "p": 0.27340854418285154,
        "r": 0.1859027586599656
    },
    "rougeL": {
        "f": 0.3054183454403839,
        "p": 0.4415399972378574,
        "r": 0.3412397695556992
    }
}
