Rouge,F,Precision,Recall
rouge1,0.3888216130624335,0.566684015064591,0.41556849600275875
rouge2,0.1721995537194571,0.27340854418285154,0.1859027586599656
rougeL,0.3054183454403839,0.4415399972378574,0.3412397695556992
