Rouge,F,Precision,Recall
rouge1,0.06550768270699568,0.09827831605397931,0.07181582914564483
rouge2,0.047716588803040985,0.0765993602519957,0.05166056419897022
rougeL,0.05099209303093042,0.07672681255118162,0.06195178540296745
