{
    "rouge1": {
        "f": 0.28537966397563574,
        "p": 0.42497633890798653,
        "r": 0.2880934432111551
    },
    "rouge2": {
        "f": 0.09032594011745636,
        "p": 0.14749875291669345,
        "r": 0.09173314207221595
    },
    "rougeL": {
        "f": 0.220481863419351,
        "p": 0.3289773459140226,
        "r": 0.22647113948113334
    }
}
