Rouge,F,Precision,Recall
rouge1,0.28537966397563574,0.42497633890798653,0.2880934432111551
rouge2,0.09032594011745636,0.14749875291669345,0.09173314207221595
rougeL,0.220481863419351,0.3289773459140226,0.22647113948113334
