{
    "rouge1": {
        "f": 0.18072201033003044,
        "p": 0.25510061632964015,
        "r": 0.18812958791515547
    },
    "rouge2": {
        "f": 0.024546340335101027,
        "p": 0.040122808992550066,
        "r": 0.02476661218030516
    },
    "rougeL": {
        "f": 0.1421924477240981,
        "p": 0.1994797745888405,
        "r": 0.14471029878026007
    }
}
