Rouge,F,Precision,Recall
rouge1,0.18072201033003044,0.25510061632964015,0.18812958791515547
rouge2,0.024546340335101027,0.040122808992550066,0.02476661218030516
rougeL,0.1421924477240981,0.1994797745888405,0.14471029878026007
