{
    "acc": 0.0,
    "per_rating_acc": {},
    "true_rating_dist": {
        "3": 0.027237354085603113,
        "4": 0.754863813229572,
        "5": 0.2178988326848249
    }
}
