{
    "rouge1": {
        "f": 0.2533954829006388,
        "p": 0.34359940179525544,
        "r": 0.25909404043353107
    },
    "rouge2": {
        "f": 0.01898692951990398,
        "p": 0.02629267620695294,
        "r": 0.01960772030712765
    },
    "rougeL": {
        "f": 0.1801943907053852,
        "p": 0.25216913942792596,
        "r": 0.1826572462530241
    }
}
