Rouge,F,Precision,Recall
rouge1,0.2533954829006388,0.34359940179525544,0.25909404043353107
rouge2,0.01898692951990398,0.02629267620695294,0.01960772030712765
rougeL,0.1801943907053852,0.25216913942792596,0.1826572462530241
