{
    "adv_gen_loss": 0,
    "autoenc_loss": 460.3847785500919,
    "clf_acc": 0.6632352941176467,
    "clf_avg_diff": -0.12867647058823511,
    "clf_loss": 1.112827153854511,
    "cycle_loss": -0.9996013266198766,
    "grad_pen_loss": 0,
    "nll": 1.0452747358118761,
    "total_loss": 460.498005092845,
    "wass_loss": 0
}
