{
    "rouge1": {
        "f": 0.050001152348135534,
        "p": 0.103781243698503,
        "r": 0.05813480031879563
    },
    "rouge2": {
        "f": 0.023574149446103986,
        "p": 0.038152614289891876,
        "r": 0.023499448725984497
    },
    "rougeL": {
        "f": 0.030853730140440325,
        "p": 0.0635237203895097,
        "r": 0.04105270898705139
    }
}
