{
    "rouge1": {
        "f": 0.1683967466209914,
        "p": 0.17788950731769423,
        "r": 0.16100426557361552
    },
    "rouge2": {
        "f": 0.00798569698437882,
        "p": 0.008234444360285188,
        "r": 0.007939567008794996
    },
    "rougeL": {
        "f": 0.0996993945255411,
        "p": 0.11423434423724914,
        "r": 0.08828669411886327
    }
}
