Rouge,F,Precision,Recall
rouge1,0.050001152348135534,0.103781243698503,0.05813480031879563
rouge2,0.023574149446103986,0.038152614289891876,0.023499448725984497
rougeL,0.030853730140440325,0.0635237203895097,0.04105270898705139
