{
    "rouge1": {
        "f": 0.32725478964319976,
        "p": 0.4956047640291869,
        "r": 0.3430984246773377
    },
    "rouge2": {
        "f": 0.08044619490030194,
        "p": 0.12028490325478113,
        "r": 0.08128569004106957
    },
    "rougeL": {
        "f": 0.19775610229229543,
        "p": 0.3087557144223768,
        "r": 0.21649188020187596
    }
}
