Rouge,F,Precision,Recall
rouge1,0.1683967466209914,0.17788950731769423,0.16100426557361552
rouge2,0.00798569698437882,0.008234444360285188,0.007939567008794996
rougeL,0.0996993945255411,0.11423434423724914,0.08828669411886327
