{
    "rouge1": {
        "f": 0.24966341570743752,
        "p": 0.3415225041965059,
        "r": 0.23885803379317824
    },
    "rouge2": {
        "f": 0.0386961796169808,
        "p": 0.052097535432271413,
        "r": 0.037129683604132546
    },
    "rougeL": {
        "f": 0.1458872669729948,
        "p": 0.21102606902142823,
        "r": 0.1393532560605669
    }
}
