Rouge,F,Precision,Recall
rouge1,0.24966341570743752,0.3415225041965059,0.23885803379317824
rouge2,0.0386961796169808,0.052097535432271413,0.037129683604132546
rougeL,0.1458872669729948,0.21102606902142823,0.1393532560605669
