Rouge,F,Precision,Recall
rouge1,0.32725478964319976,0.4956047640291869,0.3430984246773377
rouge2,0.08044619490030194,0.12028490325478113,0.08128569004106957
rougeL,0.19775610229229543,0.3087557144223768,0.21649188020187596
