Rouge,F,Precision,Recall
rouge1,0.12531797024752017,0.21108593766129313,0.10670090803803686
rouge2,0.002928107459454891,0.003901353814885911,0.0027541800223497854
rougeL,0.08346881780713497,0.14901928701562622,0.06797733506228731
