Rouge,F,Precision,Recall
rouge1,0.2930770123884288,0.5777302073026311,0.25248134165719
rouge2,0.07962211472734321,0.17199409317715023,0.0672412460146667
rougeL,0.1964670350611419,0.4021057366672218,0.17534872941528437
