{
    "rouge1": {
        "f": 0.0525571929556121,
        "p": 0.11891453594086879,
        "r": 0.04573572508975256
    },
    "rouge2": {
        "f": 0.025674397968881213,
        "p": 0.05882632867118071,
        "r": 0.021291443442024213
    },
    "rougeL": {
        "f": 0.03552912774003764,
        "p": 0.08200788398000958,
        "r": 0.033926466277588746
    }
}
