{
    "rouge1": {
        "f": 0.2930770123884288,
        "p": 0.5777302073026311,
        "r": 0.25248134165719
    },
    "rouge2": {
        "f": 0.07962211472734321,
        "p": 0.17199409317715023,
        "r": 0.0672412460146667
    },
    "rougeL": {
        "f": 0.1964670350611419,
        "p": 0.4021057366672218,
        "r": 0.17534872941528437
    }
}
