Rouge,F,Precision,Recall
rouge1,0.20700593450369864,0.3974273045666129,0.16970689102452854
rouge2,0.031088751209346295,0.06127471681513166,0.02600658673488602
rougeL,0.13642264277409794,0.2734375458406452,0.1115338119369658
