{
    "rouge1": {
        "f": 0.20700593450369864,
        "p": 0.3974273045666129,
        "r": 0.16970689102452854
    },
    "rouge2": {
        "f": 0.031088751209346295,
        "p": 0.06127471681513166,
        "r": 0.02600658673488602
    },
    "rougeL": {
        "f": 0.13642264277409794,
        "p": 0.2734375458406452,
        "r": 0.1115338119369658
    }
}
