{
    "rouge1": {
        "f": 0.12531797024752017,
        "p": 0.21108593766129313,
        "r": 0.10670090803803686
    },
    "rouge2": {
        "f": 0.002928107459454891,
        "p": 0.003901353814885911,
        "r": 0.0027541800223497854
    },
    "rougeL": {
        "f": 0.08346881780713497,
        "p": 0.14901928701562622,
        "r": 0.06797733506228731
    }
}
