Rouge,F,Precision,Recall
rouge1,0.0525571929556121,0.11891453594086879,0.04573572508975256
rouge2,0.025674397968881213,0.05882632867118071,0.021291443442024213
rougeL,0.03552912774003764,0.08200788398000958,0.033926466277588746
