{
    "acc": 0.8335416674613949,
    "per_rating_acc": {
        "2": 0.0,
        "3": 0.0,
        "4": 1.0,
        "5": 0.0
    },
    "true_rating_dist": {
        "2": 0.0010548523206751054,
        "3": 0.14767932489451477,
        "4": 0.8333333333333334,
        "5": 0.017932489451476793
    }
}
