{
    "adv_gen_loss": 0,
    "autoenc_loss": 19.283983929951987,
    "clf_acc": 0.7794805337985359,
    "clf_avg_diff": -0.15220779875914256,
    "clf_loss": 0.8306033022701741,
    "cycle_loss": -0.9992676774660746,
    "grad_pen_loss": 0,
    "nll": 1.3650856296221414,
    "total_loss": 19.1153190612793,
    "wass_loss": 0
}
