Rouge,F,Precision,Recall
rouge1,0.11816081408965139,0.08531525185731444,0.20957191708003278
rouge2,0.030153708514802997,0.021509536315333373,0.0554172182827709
rougeL,0.10446362459326719,0.07537518370125265,0.18595192601612195
