Rouge,F,Precision,Recall
rouge1,0.030693162615442048,0.02486462192646035,0.058847906882917675
rouge2,0.01756289497461925,0.012676908206187347,0.03557201468891673
rougeL,0.02695524318434216,0.02176550766214775,0.05345849382547504
