{
    "rouge1": {
        "f": 0.16546983039381374,
        "p": 0.1245911405069168,
        "r": 0.3124214698921419
    },
    "rouge2": {
        "f": 0.060202745134522125,
        "p": 0.043019649826978625,
        "r": 0.1209230793173881
    },
    "rougeL": {
        "f": 0.14654308357549015,
        "p": 0.11004860094962544,
        "r": 0.28036955170675343
    }
}
