Rouge,F,Precision,Recall
rouge1,0.16546983039381374,0.1245911405069168,0.3124214698921419
rouge2,0.060202745134522125,0.043019649826978625,0.1209230793173881
rougeL,0.14654308357549015,0.11004860094962544,0.28036955170675343
