Rouge,F,Precision,Recall
rouge1,0.0455635645364663,0.03843016943972116,0.07867138612620213
rouge2,0.028408237841617678,0.02063030662168907,0.0589214297552647
rougeL,0.034823684522141615,0.029014937572455768,0.06957704744040398
