Rouge,F,Precision,Recall
rouge1,0.1075015583800402,0.07056138870257765,0.2177289326065425
rouge2,0.0181447952845313,0.012527573884227629,0.03252167861586538
rougeL,0.09418461802353914,0.06183654306548114,0.18251926529985643
