Rouge,F,Precision,Recall
rouge1,0.25344756808752117,0.19322595892719727,0.468026826134268
rouge2,0.10634320027563489,0.07627798556243517,0.21806167224779766
rougeL,0.20513600329896325,0.15393168293726733,0.402669172341463
