Rouge,F,Precision,Recall
rouge1,0.06824752088364497,0.045917457878974985,0.12558739589771875
rouge2,0.006253333957752161,0.004445592116739034,0.010948193578845532
rougeL,0.06078610426932475,0.04093264408389036,0.1110388501928365
