{
    "rouge1": {
        "f": 0.030693162615442048,
        "p": 0.02486462192646035,
        "r": 0.058847906882917675
    },
    "rouge2": {
        "f": 0.01756289497461925,
        "p": 0.012676908206187347,
        "r": 0.03557201468891673
    },
    "rougeL": {
        "f": 0.02695524318434216,
        "p": 0.02176550766214775,
        "r": 0.05345849382547504
    }
}
