{
    "rouge1": {
        "f": 0.1075015583800402,
        "p": 0.07056138870257765,
        "r": 0.2177289326065425
    },
    "rouge2": {
        "f": 0.0181447952845313,
        "p": 0.012527573884227629,
        "r": 0.03252167861586538
    },
    "rougeL": {
        "f": 0.09418461802353914,
        "p": 0.06183654306548114,
        "r": 0.18251926529985643
    }
}
