{
    "rouge1": {
        "f": 0.11816081408965139,
        "p": 0.08531525185731444,
        "r": 0.20957191708003278
    },
    "rouge2": {
        "f": 0.030153708514802997,
        "p": 0.021509536315333373,
        "r": 0.0554172182827709
    },
    "rougeL": {
        "f": 0.10446362459326719,
        "p": 0.07537518370125265,
        "r": 0.18595192601612195
    }
}
