{
    "rouge1": {
        "f": 0.18414599847366656,
        "p": 0.13180000670946726,
        "r": 0.3329195916451993
    },
    "rouge2": {
        "f": 0.05866126298588769,
        "p": 0.04146744520397106,
        "r": 0.1103762821983772
    },
    "rougeL": {
        "f": 0.1525563964183123,
        "p": 0.10884699131571463,
        "r": 0.2787607623127901
    }
}
