{
    "rouge1": {
        "f": 0.0455635645364663,
        "p": 0.03843016943972116,
        "r": 0.07867138612620213
    },
    "rouge2": {
        "f": 0.028408237841617678,
        "p": 0.02063030662168907,
        "r": 0.0589214297552647
    },
    "rougeL": {
        "f": 0.034823684522141615,
        "p": 0.029014937572455768,
        "r": 0.06957704744040398
    }
}
