{
    "rouge1": {
        "f": 0.06824752088364497,
        "p": 0.045917457878974985,
        "r": 0.12558739589771875
    },
    "rouge2": {
        "f": 0.006253333957752161,
        "p": 0.004445592116739034,
        "r": 0.010948193578845532
    },
    "rougeL": {
        "f": 0.06078610426932475,
        "p": 0.04093264408389036,
        "r": 0.1110388501928365
    }
}
