Rouge,F,Precision,Recall
rouge1,0.18414599847366656,0.13180000670946726,0.3329195916451993
rouge2,0.05866126298588769,0.04146744520397106,0.1103762821983772
rougeL,0.1525563964183123,0.10884699131571463,0.2787607623127901
