{
    "rouge1": {
        "f": 0.25344756808752117,
        "p": 0.19322595892719727,
        "r": 0.468026826134268
    },
    "rouge2": {
        "f": 0.10634320027563489,
        "p": 0.07627798556243517,
        "r": 0.21806167224779766
    },
    "rougeL": {
        "f": 0.20513600329896325,
        "p": 0.15393168293726733,
        "r": 0.402669172341463
    }
}
