{
    "rouge1": {
        "f": 0.4058135477961709,
        "p": 0.47416930068769847,
        "r": 0.42351567716652644
    },
    "rouge2": {
        "f": 0.12232502610225907,
        "p": 0.134060713846087,
        "r": 0.12987498858573632
    },
    "rougeL": {
        "f": 0.24737264167854514,
        "p": 0.2789587432320387,
        "r": 0.2766401783521045
    }
}
