{
    "rouge1": {
        "f": 0.06067049616365489,
        "p": 0.08806298658442312,
        "r": 0.06240425655001087
    },
    "rouge2": {
        "f": 0.03363150803841859,
        "p": 0.03771987044493161,
        "r": 0.035719232073456945
    },
    "rougeL": {
        "f": 0.03534965826767096,
        "p": 0.047973150233161725,
        "r": 0.045063723298173534
    }
}
