Rouge,F,Precision,Recall
rouge1,0.4058135477961709,0.47416930068769847,0.42351567716652644
rouge2,0.12232502610225907,0.134060713846087,0.12987498858573632
rougeL,0.24737264167854514,0.2789587432320387,0.2766401783521045
