Rouge,F,Precision,Recall
rouge1,0.2971815000409757,0.38444434108904857,0.25932717733499544
rouge2,0.0657669358879623,0.08439868023634092,0.05828538558189446
rougeL,0.2018004924655378,0.2602810407269509,0.17744242455543
