Rouge,F,Precision,Recall
rouge1,0.4135398801490091,0.5464297297612203,0.3942383563641384
rouge2,0.14539844738582558,0.1829327425288684,0.14033931296335983
rougeL,0.2835935582107365,0.3628515518091357,0.28395659098763415
