Rouge,F,Precision,Recall
rouge1,0.18494176899091838,0.2143694339615163,0.15821857164161796
rouge2,0.010566073988244927,0.013863442305098683,0.008770655822536848
rougeL,0.12970607204682605,0.1555777149792755,0.10659545404117264
