{
    "rouge1": {
        "f": 0.4135398801490091,
        "p": 0.5464297297612203,
        "r": 0.3942383563641384
    },
    "rouge2": {
        "f": 0.14539844738582558,
        "p": 0.1829327425288684,
        "r": 0.14033931296335983
    },
    "rougeL": {
        "f": 0.2835935582107365,
        "p": 0.3628515518091357,
        "r": 0.28395659098763415
    }
}
