{
    "rouge1": {
        "f": 0.18494176899091838,
        "p": 0.2143694339615163,
        "r": 0.15821857164161796
    },
    "rouge2": {
        "f": 0.010566073988244927,
        "p": 0.013863442305098683,
        "r": 0.008770655822536848
    },
    "rougeL": {
        "f": 0.12970607204682605,
        "p": 0.1555777149792755,
        "r": 0.10659545404117264
    }
}
