Rouge,F,Precision,Recall
rouge1,0.07251729994653165,0.10561795602413802,0.0747575977345379
rouge2,0.04381863041386492,0.05554202617498088,0.042406587794592845
rougeL,0.048686957596569755,0.06595914756772311,0.056134904789623394
