{
    "rouge1": {
        "f": 0.07251729994653165,
        "p": 0.10561795602413802,
        "r": 0.0747575977345379
    },
    "rouge2": {
        "f": 0.04381863041386492,
        "p": 0.05554202617498088,
        "r": 0.042406587794592845
    },
    "rougeL": {
        "f": 0.048686957596569755,
        "p": 0.06595914756772311,
        "r": 0.056134904789623394
    }
}
