{
    "rouge1": {
        "f": 0.2971815000409757,
        "p": 0.38444434108904857,
        "r": 0.25932717733499544
    },
    "rouge2": {
        "f": 0.0657669358879623,
        "p": 0.08439868023634092,
        "r": 0.05828538558189446
    },
    "rougeL": {
        "f": 0.2018004924655378,
        "p": 0.2602810407269509,
        "r": 0.17744242455543
    }
}
