{
    "acc": 0.7826738768665903,
    "per_rating_acc": {
        "3": 0.0,
        "4": 0.9348819497334342,
        "5": 0.24006359300476957
    },
    "true_rating_dist": {
        "3": 0.02252252252252252,
        "4": 0.7885885885885886,
        "5": 0.18888888888888888
    }
}
