{
    "adv_gen_loss": 0,
    "autoenc_loss": 3.8529156249204144,
    "clf_acc": 0.7829736367725635,
    "clf_avg_diff": 0.07224220865600413,
    "clf_loss": 0.5893075586758934,
    "cycle_loss": -0.8314886470492793,
    "grad_pen_loss": 0,
    "nll": 1.0041827874646772,
    "total_loss": 3.6107345150529064,
    "wass_loss": 0
}
