Rouge,F,Precision,Recall
rouge1,0.13066772083561776,0.0818442830936737,0.38407712033898467
rouge2,0.012895814906858555,0.007928184617961749,0.040718966463039956
rougeL,0.09187141871766,0.05748682325972115,0.2727432161460842
