{
    "rouge1": {
        "f": 0.13066772083561776,
        "p": 0.0818442830936737,
        "r": 0.38407712033898467
    },
    "rouge2": {
        "f": 0.012895814906858555,
        "p": 0.007928184617961749,
        "r": 0.040718966463039956
    },
    "rougeL": {
        "f": 0.09187141871766,
        "p": 0.05748682325972115,
        "r": 0.2727432161460842
    }
}
