{
    "adv_gen_loss": 0,
    "autoenc_loss": 3.2903693594007675,
    "clf_acc": 0,
    "clf_avg_diff": 0,
    "clf_loss": 0,
    "cycle_loss": -0.8859001754876259,
    "grad_pen_loss": 0,
    "nll": 1.0176568278187432,
    "total_loss": 2.4044691811510126,
    "wass_loss": 0
}
