{
    "rouge1": {
        "f": 0.387488147323242,
        "p": 0.4768376606883512,
        "r": 0.4217083102093033
    },
    "rouge2": {
        "f": 0.08636654655751196,
        "p": 0.0994855470455488,
        "r": 0.09055399801085755
    },
    "rougeL": {
        "f": 0.21415282326089763,
        "p": 0.25328619753621007,
        "r": 0.24451319095635943
    }
}
