Rouge,F,Precision,Recall
rouge1,0.22852553902174563,0.2024678437718785,0.22057302212759347
rouge2,0.009833882181305525,0.010092866143156763,0.009537343333388605
rougeL,0.1237979789448836,0.1138430980144112,0.11294903860267252
