Rouge,F,Precision,Recall
rouge1,0.387488147323242,0.4768376606883512,0.4217083102093033
rouge2,0.08636654655751196,0.0994855470455488,0.09055399801085755
rougeL,0.21415282326089763,0.25328619753621007,0.24451319095635943
