Rouge,F,Precision,Recall
rouge1,0.3125078573672246,0.34383423072002844,0.30807043335765677
rouge2,0.04407211276069624,0.048868953311987894,0.0432764097532598
rougeL,0.16701270524313688,0.18266642233000863,0.1660767794014825
