{
    "rouge1": {
        "f": 0.05004735691893749,
        "p": 0.08930155341498479,
        "r": 0.06428548084987638
    },
    "rouge2": {
        "f": 0.024513967140412412,
        "p": 0.02900026383548065,
        "r": 0.02561225515330306
    },
    "rougeL": {
        "f": 0.028521404610598072,
        "p": 0.04483061046716281,
        "r": 0.04220585152399008
    }
}
