{
    "rouge1": {
        "f": 0.22852553902174563,
        "p": 0.2024678437718785,
        "r": 0.22057302212759347
    },
    "rouge2": {
        "f": 0.009833882181305525,
        "p": 0.010092866143156763,
        "r": 0.009537343333388605
    },
    "rougeL": {
        "f": 0.1237979789448836,
        "p": 0.1138430980144112,
        "r": 0.11294903860267252
    }
}
