{
    "rouge1": {
        "f": 0.3125078573672246,
        "p": 0.34383423072002844,
        "r": 0.30807043335765677
    },
    "rouge2": {
        "f": 0.04407211276069624,
        "p": 0.048868953311987894,
        "r": 0.0432764097532598
    },
    "rougeL": {
        "f": 0.16701270524313688,
        "p": 0.18266642233000863,
        "r": 0.1660767794014825
    }
}
