Rouge,F,Precision,Recall
rouge1,0.05004735691893749,0.08930155341498479,0.06428548084987638
rouge2,0.024513967140412412,0.02900026383548065,0.02561225515330306
rougeL,0.028521404610598072,0.04483061046716281,0.04220585152399008
