{
    "acc": 0.6725624256837107,
    "per_rating_acc": {
        "2": 0.0,
        "3": 0.30378096479791356,
        "4": 0.7984541062801958,
        "5": 0.2377049180327866
    },
    "true_rating_dist": {
        "2": 0.001263752601843592,
        "3": 0.05701754385964912,
        "4": 0.7694023193577163,
        "5": 0.17231638418079095
    }
}
