{
    "adv_gen_loss": 0,
    "autoenc_loss": 3.242320538701122,
    "clf_acc": 0.6684502576534302,
    "clf_avg_diff": 0.13728695998010368,
    "clf_loss": 0.8552184776623378,
    "cycle_loss": -0.8574036938115049,
    "grad_pen_loss": 0,
    "nll": 1.158608939644839,
    "total_loss": 3.2401353261133448,
    "wass_loss": 0
}
