Rouge,F,Precision,Recall
rouge1,0.2111995291555538,0.18353415278950655,0.405008848888523
rouge2,0.008471658921786168,0.006189813713090949,0.023356338786036223
rougeL,0.1723929472012385,0.14481792927868678,0.3469259125296152
