{
    "rouge1": {
        "f": 0.2111995291555538,
        "p": 0.18353415278950655,
        "r": 0.405008848888523
    },
    "rouge2": {
        "f": 0.008471658921786168,
        "p": 0.006189813713090949,
        "r": 0.023356338786036223
    },
    "rougeL": {
        "f": 0.1723929472012385,
        "p": 0.14481792927868678,
        "r": 0.3469259125296152
    }
}
