{
    "rouge1": {
        "f": 0.18728902720043827,
        "p": 0.3145007737708426,
        "r": 0.15970958045909373
    },
    "rouge2": {
        "f": 0.02285362539948152,
        "p": 0.040590461274996804,
        "r": 0.020156441773466045
    },
    "rougeL": {
        "f": 0.13683870187720623,
        "p": 0.23589638154252085,
        "r": 0.11384167778315778
    }
}
