Rouge,F,Precision,Recall
rouge1,0.06241683138926641,0.1100985277543891,0.06219179316954028
rouge2,0.042281295286507835,0.08241481602030072,0.038365320417166913
rougeL,0.044867803098184875,0.08211820229084085,0.04799165029125755
