Rouge,F,Precision,Recall
rouge1,0.18728902720043827,0.3145007737708426,0.15970958045909373
rouge2,0.02285362539948152,0.040590461274996804,0.020156441773466045
rougeL,0.13683870187720623,0.23589638154252085,0.11384167778315778
