{
    "rouge1": {
        "f": 0.3849205202871365,
        "p": 0.6594770598737619,
        "r": 0.35681474291698084
    },
    "rouge2": {
        "f": 0.1549130090282617,
        "p": 0.29236668699845497,
        "r": 0.14074969950944183
    },
    "rougeL": {
        "f": 0.27935840192960587,
        "p": 0.491935955841399,
        "r": 0.2662313749680565
    }
}
