Rouge,F,Precision,Recall
rouge1,0.3849205202871365,0.6594770598737619,0.35681474291698084
rouge2,0.1549130090282617,0.29236668699845497,0.14074969950944183
rougeL,0.27935840192960587,0.491935955841399,0.2662313749680565
