{
    "rouge1": {
        "f": 0.06241683138926641,
        "p": 0.1100985277543891,
        "r": 0.06219179316954028
    },
    "rouge2": {
        "f": 0.042281295286507835,
        "p": 0.08241481602030072,
        "r": 0.038365320417166913
    },
    "rougeL": {
        "f": 0.044867803098184875,
        "p": 0.08211820229084085,
        "r": 0.04799165029125755
    }
}
