{
    "rouge1": {
        "f": 0.2840605767579202,
        "p": 0.49899432401640853,
        "r": 0.24564961709271288
    },
    "rouge2": {
        "f": 0.08146986885499834,
        "p": 0.1548896734813472,
        "r": 0.07047165074499519
    },
    "rougeL": {
        "f": 0.20394494674923744,
        "p": 0.3683637714166292,
        "r": 0.17677963623136383
    }
}
