Rouge,F,Precision,Recall
rouge1,0.2840605767579202,0.49899432401640853,0.24564961709271288
rouge2,0.08146986885499834,0.1548896734813472,0.07047165074499519
rougeL,0.20394494674923744,0.3683637714166292,0.17677963623136383
