{
    "acc": 0.6134384572505955,
    "per_rating_acc": {
        "1": 0.0,
        "2": 0.0,
        "3": 0.0,
        "4": 0.7808219178082204,
        "5": 0.22302158273381303
    },
    "true_rating_dist": {
        "1": 0.0005640157924421884,
        "2": 0.0005640157924421884,
        "3": 0.10095882684715173,
        "4": 0.7411167512690355,
        "5": 0.15679639029892836
    }
}
