{
    "adv_gen_loss": 0,
    "autoenc_loss": 4.759241664731825,
    "clf_acc": 0.646396415459143,
    "clf_avg_diff": -0.04279279084624469,
    "clf_loss": 1.02638436491425,
    "cycle_loss": -0.9998969677332288,
    "grad_pen_loss": 0,
    "nll": 1.0449450032131091,
    "total_loss": 4.785729092520637,
    "wass_loss": 0
}
