{
    "rouge1": {
        "f": 0.3561476797991597,
        "p": 0.31205436039893897,
        "r": 0.46577639799463294
    },
    "rouge2": {
        "f": 0.16299462628956712,
        "p": 0.1393389707451033,
        "r": 0.2234456803504028
    },
    "rougeL": {
        "f": 0.22173728752453453,
        "p": 0.19108332042027137,
        "r": 0.2988669543986244
    }
}
