Rouge,F,Precision,Recall
rouge1,0.2466441802484979,0.1808686542460481,0.325294011052708
rouge2,0.06478051671762593,0.05320063222291149,0.07985449987241322
rougeL,0.1329394007312864,0.10513012713960186,0.15806523358344113
