Rouge,F,Precision,Recall
rouge1,0.07231059263890875,0.08831441603965676,0.11247687793665793
rouge2,0.08443443281609421,0.07227626033466338,0.13611359290621153
rougeL,0.07834818209715272,0.07061365517150946,0.13240975781510772
