Rouge,F,Precision,Recall
rouge1,0.47956111902210885,0.4567096297368106,0.6814750457166825
rouge2,0.3335509054032358,0.2824389281361259,0.508613876826869
rougeL,0.379759676483804,0.3288324832825512,0.5713943933795683
