{
    "rouge1": {
        "f": 0.47956111902210885,
        "p": 0.4567096297368106,
        "r": 0.6814750457166825
    },
    "rouge2": {
        "f": 0.3335509054032358,
        "p": 0.2824389281361259,
        "r": 0.508613876826869
    },
    "rougeL": {
        "f": 0.379759676483804,
        "p": 0.3288324832825512,
        "r": 0.5713943933795683
    }
}
