Rouge,F,Precision,Recall
rouge1,0.3561476797991597,0.31205436039893897,0.46577639799463294
rouge2,0.16299462628956712,0.1393389707451033,0.2234456803504028
rougeL,0.22173728752453453,0.19108332042027137,0.2988669543986244
