{
    "rouge1": {
        "f": 0.07231059263890875,
        "p": 0.08831441603965676,
        "r": 0.11247687793665793
    },
    "rouge2": {
        "f": 0.08443443281609421,
        "p": 0.07227626033466338,
        "r": 0.13611359290621153
    },
    "rougeL": {
        "f": 0.07834818209715272,
        "p": 0.07061365517150946,
        "r": 0.13240975781510772
    }
}
