{
    "rouge1": {
        "f": 0.2466441802484979,
        "p": 0.1808686542460481,
        "r": 0.325294011052708
    },
    "rouge2": {
        "f": 0.06478051671762593,
        "p": 0.05320063222291149,
        "r": 0.07985449987241322
    },
    "rougeL": {
        "f": 0.1329394007312864,
        "p": 0.10513012713960186,
        "r": 0.15806523358344113
    }
}
