{
    "acc": 0.6352208256721497,
    "nll": 1.1808678097723782,
    "per_rating_acc": {
        "2": 0.23529411764705882,
        "3": 0.36114732724902204,
        "4": 0.6233816425120805,
        "5": 0.7817083692838668
    }
}
