Rouge,F,Precision,Recall
rouge1,0.05939774550212528,0.0885342878080444,0.06132901858021198
rouge2,0.03304855800051468,0.038118520527881825,0.034587645699579714
rougeL,0.03456424571693996,0.04805448779915487,0.04405663704600216
