{
    "rouge1": {
        "f": 0.21708170286903578,
        "p": 0.20447383550837817,
        "r": 0.22479314609089845
    },
    "rouge2": {
        "f": 0.01726961608634875,
        "p": 0.017958372834514225,
        "r": 0.017152548443814152
    },
    "rougeL": {
        "f": 0.13470353794457052,
        "p": 0.1307755409501416,
        "r": 0.13120470056714315
    }
}
