Rouge,F,Precision,Recall
rouge1,0.40573639450201243,0.4837601532481271,0.41888754699512865
rouge2,0.12036496433761167,0.135430850180476,0.12594991985549622
rougeL,0.24484487961563886,0.2826041275304224,0.2704956382096721
