Rouge,F,Precision,Recall
rouge1,0.3163568508803882,0.348324234124531,0.313243442764065
rouge2,0.06319256322756876,0.06964489997291,0.06281050270016345
rougeL,0.18935343201061827,0.20809902817826356,0.1891975189977187
