{
    "rouge1": {
        "f": 0.40573639450201243,
        "p": 0.4837601532481271,
        "r": 0.41888754699512865
    },
    "rouge2": {
        "f": 0.12036496433761167,
        "p": 0.135430850180476,
        "r": 0.12594991985549622
    },
    "rougeL": {
        "f": 0.24484487961563886,
        "p": 0.2826041275304224,
        "r": 0.2704956382096721
    }
}
