{
    "rouge1": {
        "f": 0.3163568508803882,
        "p": 0.348324234124531,
        "r": 0.313243442764065
    },
    "rouge2": {
        "f": 0.06319256322756876,
        "p": 0.06964489997291,
        "r": 0.06281050270016345
    },
    "rougeL": {
        "f": 0.18935343201061827,
        "p": 0.20809902817826356,
        "r": 0.1891975189977187
    }
}
