{
    "rouge1": {
        "f": 0.05939774550212528,
        "p": 0.0885342878080444,
        "r": 0.06132901858021198
    },
    "rouge2": {
        "f": 0.03304855800051468,
        "p": 0.038118520527881825,
        "r": 0.034587645699579714
    },
    "rougeL": {
        "f": 0.03456424571693996,
        "p": 0.04805448779915487,
        "r": 0.04405663704600216
    }
}
