Rouge,F,Precision,Recall
rouge1,0.21708170286903578,0.20447383550837817,0.22479314609089845
rouge2,0.01726961608634875,0.017958372834514225,0.017152548443814152
rougeL,0.13470353794457052,0.1307755409501416,0.13120470056714315
