{
    "acc": 0.0,
    "per_rating_acc": {},
    "true_rating_dist": {
        "2": 0.0008254656141980086,
        "3": 0.037197544239797764,
        "4": 0.6241035959345819,
        "5": 0.3378733942114224
    }
}
